{
  "model_type": "imitation",
  "timestamp": "2025-07-29T19:19:28.923458",
  "scenarios": {
    "highway": {
      "episode_rewards": [
        100.99489165173605,
        114.54311700837074,
        98.20334075322646,
        129.7398393780654,
        133.73119869532582,
        133.61836263795044,
        94.22555416871681,
        116.958016020016,
        135.38601015761267,
        123.74855866932425,
        132.765335536732,
        128.01488502888273,
        114.15819250917626,
        129.45761510285004,
        121.6071521044589,
        125.07602103529821,
        111.61623751142803,
        136.31610358168933,
        119.35288921766052,
        124.4596779733612
      ],
      "episode_lengths": [
        200,
        200,
        200,
        200,
        200,
        200,
        200,
        200,
        200,
        200,
        200,
        200,
        200,
        200,
        200,
        200,
        200,
        200,
        200,
        200
      ],
      "avg_reward": 121.19864993709409,
      "std_reward": 12.17883849046732,
      "avg_length": 200.0,
      "std_length": 0.0,
      "success_rate": 1.0,
      "collision_rate": 0.0,
      "num_episodes": 20
    }
  },
  "overall_stats": {
    "avg_reward": 121.19864993709409,
    "std_reward": 12.17883849046732,
    "avg_length": 200.0,
    "std_length": 0.0,
    "overall_success_rate": 1.0,
    "total_episodes": 20
  }
}