{
  "model_type": "ppo",
  "timestamp": "2025-07-29T19:21:14.494635",
  "scenarios": {
    "highway": {
      "episode_rewards": [
        132.85690653315743,
        141.0746650819755,
        152.3296433457726,
        152.32964041922276,
        141.07466454004418,
        146.33850411935575,
        141.07466437771896,
        146.33850191894823,
        152.3296439039921,
        132.85690653122157,
        132.8569067042776,
        152.32964329825614,
        132.8569066194293,
        152.32964059034757,
        132.8569064654965,
        152.3296443111706,
        141.07466469347585,
        141.0746655431037,
        152.3296429826263,
        141.07466388047453
      ],
      "episode_lengths": [
        200,
        200,
        200,
        200,
        200,
        200,
        200,
        200,
        200,
        200,
        200,
        200,
        200,
        200,
        200,
        200,
        200,
        200,
        200,
        200
      ],
      "avg_reward": 143.48585129300335,
      "std_reward": 7.627316116108415,
      "avg_length": 200.0,
      "std_length": 0.0,
      "success_rate": 1.0,
      "collision_rate": 0.0,
      "num_episodes": 20
    }
  },
  "overall_stats": {
    "avg_reward": 143.48585129300335,
    "std_reward": 7.627316116108415,
    "avg_length": 200.0,
    "std_length": 0.0,
    "overall_success_rate": 1.0,
    "total_episodes": 20
  }
}