{
  "model_type": "ppo",
  "timestamp": "2025-07-29T19:20:02.801236",
  "scenarios": {
    "highway": {
      "episode_rewards": [
        141.07466429494283,
        -80.57305323647265,
        152.3296397257936,
        146.33850320119802,
        152.32964248741402,
        142.07466362076383,
        146.3385037362532,
        146.338503261606,
        132.85690660753295,
        141.0746651906178,
        146.33850190042517,
        132.85690651508668,
        141.07466446549012,
        141.07466542556938,
        146.3385025532347,
        141.07466561480678,
        146.33850217536408,
        142.07466561030583,
        -81.5492578274478,
        152.32964196222233
      ],
      "episode_lengths": [
        200,
        12,
        200,
        200,
        200,
        200,
        200,
        200,
        200,
        200,
        200,
        200,
        200,
        200,
        200,
        200,
        200,
        200,
        11,
        200
      ],
      "avg_reward": 121.40670486423535,
      "std_reward": 67.68895161464522,
      "avg_length": 181.15,
      "std_length": 56.55022104289249,
      "success_rate": 0.9,
      "collision_rate": 0.1,
      "num_episodes": 20
    }
  },
  "overall_stats": {
    "avg_reward": 121.40670486423535,
    "std_reward": 67.68895161464522,
    "avg_length": 181.15,
    "std_length": 56.55022104289249,
    "overall_success_rate": 0.9,
    "total_episodes": 20
  }
}